-- phpMyAdmin SQL Dump
-- version 5.1.0
-- https://www.phpmyadmin.net/
--
-- Host: localhost
-- 생성 시간: 21-07-15 13:31
-- 서버 버전: 10.3.22-MariaDB
-- PHP 버전: 7.3.18

SET SQL_MODE = "NO_AUTO_VALUE_ON_ZERO";
START TRANSACTION;
SET time_zone = "+00:00";


/*!40101 SET @OLD_CHARACTER_SET_CLIENT=@@CHARACTER_SET_CLIENT */;
/*!40101 SET @OLD_CHARACTER_SET_RESULTS=@@CHARACTER_SET_RESULTS */;
/*!40101 SET @OLD_COLLATION_CONNECTION=@@COLLATION_CONNECTION */;
/*!40101 SET NAMES utf8mb4 */;

--
-- 데이터베이스: `shop47`
--

-- --------------------------------------------------------

--
-- 테이블 구조 `jumun`
--

CREATE TABLE `jumun` (
  `no47` char(10) NOT NULL,
  `member_no47` int(11) DEFAULT NULL,
  `jumunday47` date DEFAULT NULL,
  `product_names47` char(255) DEFAULT NULL,
  `product_nums47` int(11) DEFAULT NULL,
  `o_name47` char(20) DEFAULT NULL,
  `o_tel47` char(11) DEFAULT NULL,
  `o_phone47` char(11) DEFAULT NULL,
  `o_email47` char(40) DEFAULT NULL,
  `o_zip47` char(5) DEFAULT NULL,
  `o_juso47` char(100) DEFAULT NULL,
  `r_name47` char(20) DEFAULT NULL,
  `r_tel47` char(11) DEFAULT NULL,
  `r_phone47` char(11) DEFAULT NULL,
  `r_email47` char(40) DEFAULT NULL,
  `r_zip47` char(5) DEFAULT NULL,
  `r_juso47` char(100) DEFAULT NULL,
  `memo47` char(255) DEFAULT NULL,
  `pay_method47` tinyint(4) DEFAULT NULL,
  `card_okno47` char(10) DEFAULT NULL,
  `card_halbu47` tinyint(4) DEFAULT NULL,
  `card_kind47` tinyint(4) DEFAULT NULL,
  `bank_kind47` tinyint(4) DEFAULT NULL,
  `bank_sender47` char(30) DEFAULT NULL,
  `total_cash47` int(11) DEFAULT NULL,
  `state47` tinyint(4) DEFAULT NULL
) ENGINE=InnoDB DEFAULT CHARSET=utf8;

--
-- 테이블의 덤프 데이터 `jumun`
--

INSERT INTO `jumun` (`no47`, `member_no47`, `jumunday47`, `product_names47`, `product_nums47`, `o_name47`, `o_tel47`, `o_phone47`, `o_email47`, `o_zip47`, `o_juso47`, `r_name47`, `r_tel47`, `r_phone47`, `r_email47`, `r_zip47`, `r_juso47`, `memo47`, `pay_method47`, `card_okno47`, `card_halbu47`, `card_kind47`, `bank_kind47`, `bank_sender47`, `total_cash47`, `state47`) VALUES
('2106080001', 36, '2021-06-08', '코지 롱 와이드 밴딩팬츠', 1, '경성구', '031841 8334', '01099118334', 'tjdrn990423@naver.com', '13948', '서울특별시 노원구 초안산로2가길 9-13 인관', '경성구', '031841 8334', '01099118334', 'tjdrn990423@naver.com', '13948', '서울특별시 노원구 초안산로2가길 9-13 인관', 'ad', 0, '123456789', 0, 1, 0, '', 260000, 6),
('2106080002', 36, '2021-06-08', '소프트 단가라 반팔니트 외 1', 2, '경성구', '031841 8334', '01099118334', 'tjdrn990423@naver.com', '13948', '서울특별시 노원구 초안산로2가길 9-13 인관', '경성구', '031841 8334', '01099118334', 'tjdrn990423@naver.com', '13948', '서울특별시 노원구 초안산로2가길 9-13 인관', '', 1, '123456789', 0, 0, 1, '김', 148000, 5),
('2106080003', 0, '2021-06-08', '오리지널리티 아노락 맨투맨', 1, '1', '11111111111', '11111111111', '11111111111', '01879', '서울특별시 노원구  초안산로2가길 9-10 인관', '1', '11111111111', '11111111111', '11111111111', '01879', '서울특별시 노원구  초안산로2가길 9-10 인관', '', 1, '123456789', 0, 0, 1, '김', 380000, 6),
('2106080004', 36, '2021-06-08', '스테레오 레귤러 팬츠 외 1', 2, '경성구', '031841 8334', '01099118334', 'tjdrn990423@naver.com', '13948', '서울특별시 노원구 초안산로2가길 9-13 인관', '경성구', '031841 8334', '01099118334', 'tjdrn990423@naver.com', '13948', '서울특별시 노원구 초안산로2가길 9-13 인관', '', 1, '123456789', 0, 0, 2, '김', 107000, 3),
('2106080005', 36, '2021-06-08', '구김 반팔 카라셔츠', 1, '경성구', '031841 8334', '01099118334', 'tjdrn990423@naver.com', '13948', '서울특별시 노원구 초안산로2가길 9-13 인관', '경성구', '031841 8334', '01099118334', 'tjdrn990423@naver.com', '13948', '서울특별시 노원구 초안산로2가길 9-13 인관', 'as', 0, '123456789', 9, 1, 0, '', 80500, 2),
('2106090001', 36, '2021-06-09', '오테르 숏 트렌치코드', 1, '경성구', '031841 8334', '01099118334', 'tjdrn990423@naver.com', '13948', '서울특별시 노원구 초안산로2가길 9-13 인관', '경성구', '031841 8334', '01099118334', 'tjdrn990423@naver.com', '13948', '서울특별시 노원구 초안산로2가길 9-13 인관', '', 0, '123456789', 0, 3, 0, '', 1488000, 1),
('2106190001', 0, '2021-06-19', '프릭스 스니커즈', 1, '1', '1  1   1', '1  1   1', '1', '1', '1', '1', '1  1   1', '1  1   1', '1', '1', '1', '', 1, '123456789', 0, 0, 1, '1', 24500, 2);

-- --------------------------------------------------------

--
-- 테이블 구조 `jumuns`
--

CREATE TABLE `jumuns` (
  `no47` int(11) NOT NULL,
  `jumun_no47` char(10) DEFAULT NULL,
  `product_no47` int(11) DEFAULT NULL,
  `num47` int(11) DEFAULT NULL,
  `price47` int(11) DEFAULT NULL,
  `cash47` int(11) DEFAULT NULL,
  `discount47` tinyint(4) DEFAULT NULL,
  `opts_no147` int(11) DEFAULT NULL,
  `opts_no247` int(11) DEFAULT NULL
) ENGINE=InnoDB DEFAULT CHARSET=utf8;

--
-- 테이블의 덤프 데이터 `jumuns`
--

INSERT INTO `jumuns` (`no47`, `jumun_no47`, `product_no47`, `num47`, `price47`, `cash47`, `discount47`, `opts_no147`, `opts_no247`) VALUES
(54, '2106080001', 41, 10, 26000, 26000, 0, 21, 29),
(55, '2106080002', 37, 1, 34000, 24000, 30, 21, 28),
(56, '2106080002', 32, 1, 124000, 124000, 0, 21, 29),
(57, '2106080003', 34, 20, 32000, 19000, 40, 21, 29),
(58, '2106080004', 40, 1, 53000, 53000, 0, 21, 28),
(59, '2106080004', 30, 1, 64000, 54000, 15, 21, 29),
(60, '2106080005', 36, 2, 39000, 39000, 0, 25, 28),
(61, '2106080005', 0, 1, 2500, 2500, 0, 0, 0),
(62, '2106090001', 32, 12, 124000, 124000, 0, 35, 29),
(63, '2106190001', 27, 1, 32000, 22000, 30, 21, 29),
(64, '2106190001', 0, 1, 2500, 2500, 0, 0, 0);

-- --------------------------------------------------------

--
-- 테이블 구조 `juso`
--

CREATE TABLE `juso` (
  `no47` int(11) NOT NULL,
  `name47` varchar(30) DEFAULT NULL,
  `tel47` char(11) DEFAULT NULL,
  `sm47` tinyint(4) DEFAULT NULL,
  `birthday47` date DEFAULT NULL,
  `juso47` varchar(255) DEFAULT NULL
) ENGINE=InnoDB DEFAULT CHARSET=utf8;

--
-- 테이블의 덤프 데이터 `juso`
--

INSERT INTO `juso` (`no47`, `name47`, `tel47`, `sm47`, `birthday47`, `juso47`) VALUES
(1, '최민기', '01627516250', 0, '1990-01-01', '서울 노원구 초안산로 12 인덕대학교 1'),
(2, '노준국', '01192318426', 1, '1990-01-02', '서울 노원구 초안산로 12 인덕대학교 2'),
(3, '배인정', '01091419758', 0, '1990-01-03', '서울 노원구 초안산로 12 인덕대학교 3'),
(4, '윤수진', '01091315099', 0, '1990-01-04', '서울 노원구 초안산로 12 인덕대학교 4'),
(5, '김민주', '01012715951', 1, '1990-01-05', '서울 노원구 초안산로 12 인덕대학교 5'),
(6, '고향에', '01164712495', 0, '1990-01-06', '서울 노원구 초안산로 12 인덕대학교 6'),
(7, '이창기', '01094567737', 0, '1990-01-07', '서울 노원구 초안산로 12 인덕대학교 7'),
(8, '강범조', '01011114444', 0, '1999-01-03', '서울 노원구 초안산로 12 인덕대학교 8'),
(9, '임상호', '01076212041', 1, '1990-01-09', '서울 노원구 초안산로 12 인덕대학교 9'),
(10, '김경진', '01196616064', 0, '1990-01-10', '서울 노원구 초안산로 12 인덕대학교 10'),
(11, '양지민', '01085916932', 0, '1990-01-11', '서울 노원구 초안산로 12 인덕대학교 11'),
(12, '김철규', '01064517732', 0, '1990-01-12', '서울 노원구 초안산로 12 인덕대학교 12'),
(13, '이재진', '01066725207', 0, '1990-01-13', '서울 노원구 초안산로 12 인덕대학교 13'),
(14, '김인기', '01045825553', 1, '1990-01-14', '서울 노원구 초안산로 12 인덕대학교 14'),
(15, '황호하', '01094529069', 0, '1990-01-15', '서울 노원구 초안산로 12 인덕대학교 15'),
(16, '원미현', '01697323309', 0, '1990-01-16', '서울 노원구 초안산로 12 인덕대학교 16'),
(17, '김성현', '01077524586', 0, '1990-01-17', '서울 노원구 초안산로 12 인덕대학교 17'),
(18, '윤태양', '01044624402', 0, '1990-01-18', '서울 노원구 초안산로 12 인덕대학교 18'),
(19, '손영미', '01063021586', 1, '1990-01-19', '서울 노원구 초안산로 12 인덕대학교 19'),
(20, '서찬국', '01029725437', 0, '1990-01-20', '서울 노원구 초안산로 12 인덕대학교 20'),
(21, '최지호', '01095829293', 0, '1990-01-21', '서울 노원구 초안산로 12 인덕대학교 21'),
(22, '현오석', '01045725203', 0, '1990-01-22', '서울 노원구 초안산로 12 인덕대학교 22'),
(23, '고구진', '01039539565', 0, '1990-01-23', '서울 노원구 초안산로 12 인덕대학교 23'),
(24, '임양진', '01049431735', 0, '1990-01-24', '서울 노원구 초안산로 12 인덕대학교 24'),
(25, '박잔형', '01028732059', 0, '1990-01-25', '서울 노원구 초안산로 12 인덕대학교 25'),
(26, '고맹진', '01017331347', 1, '1990-01-26', '서울 노원구 초안산로 12 인덕대학교 26'),
(27, '이미진', '01032434656', 0, '1990-01-27', '서울 노원구 초안산로 12 인덕대학교 27'),
(28, '박신양', '01032633479', 0, '1990-01-28', '서울 노원구 초안산로 12 인덕대학교 28'),
(29, '이부성', '01022533028', 0, '1990-01-29', '서울 노원구 초안산로 12 인덕대학교 29'),
(30, '박조형', '01034634503', 0, '1990-01-30', '서울 노원구 초안산로 12 인덕대학교 30'),
(31, '김당진', '01022144844', 0, '1990-01-31', '서울 노원구 초안산로 12 인덕대학교 31'),
(32, '임조철', '01063146720', 0, '1990-02-01', '서울 노원구 초안산로 12 인덕대학교 32'),
(33, '최미선', '01023744540', 0, '1990-02-02', '서울 노원구 초안산로 12 인덕대학교 33'),
(34, '정해솔', '01057443220', 1, '1990-02-03', '서울 노원구 초안산로 12 인덕대학교 34'),
(35, '이양석', '01045946853', 0, '1990-02-04', '서울 노원구 초안산로 12 인덕대학교 35'),
(36, '조진현', '01074255035', 0, '1990-02-05', '서울 노원구 초안산로 12 인덕대학교 36'),
(37, '김호석', '01015645583', 0, '1990-02-06', '서울 노원구 초안산로 12 인덕대학교 37'),
(38, '김호식', '01014176818', 0, '1990-02-07', '서울 노원구 초안산로 12 인덕대학교 38'),
(39, '김국진', '01022785917', 0, '1990-02-08', '서울 노원구 초안산로 12 인덕대학교 39'),
(40, '박미희', '01078379430', 0, '1990-02-09', '서울 노원구 초안산로 12 인덕대학교 40'),
(41, '권해미', '010145 7190', 0, '1990-02-10', '서울 노원구 초안산로 12 인덕대학교 41'),
(42, '이성민', '01002544347', 0, '1990-02-11', '서울 노원구 초안산로 12 인덕대학교 42'),
(43, '정다슬', '01036347019', 1, '1990-02-12', '서울 노원구 초안산로 12 인덕대학교 43'),
(44, '육이호', '01092343917', 0, '1990-02-13', '서울 노원구 초안산로 12 인덕대학교 44'),
(45, '한재우', '01193247558', 0, '1990-02-14', '서울 노원구 초안산로 12 인덕대학교 45'),
(46, '정승국', '01023345788', 0, '1990-02-15', '서울 노원구 초안산로 12 인덕대학교 46'),
(47, '양호승', '01083945545', 0, '1990-02-16', '서울 노원구 초안산로 12 인덕대학교 47'),
(48, '윤상현', '01034655978', 0, '1990-02-17', '서울 노원구 초안산로 12 인덕대학교 48'),
(49, '최미문', '01024365634', 0, '1990-02-18', '서울 노원구 초안산로 12 인덕대학교 49'),
(50, '시국진', '01021243572', 0, '1990-02-19', '서울 노원구 초안산로 12 인덕대학교 50'),
(56, '강인수', '01012341234', 0, '1111-01-01', '경기도의정부시');

-- --------------------------------------------------------

--
-- 테이블 구조 `member`
--

CREATE TABLE `member` (
  `no47` int(11) NOT NULL,
  `uid47` varchar(20) DEFAULT NULL,
  `pwd47` varchar(20) DEFAULT NULL,
  `name47` varchar(20) DEFAULT NULL,
  `birthday47` date DEFAULT NULL,
  `sm47` tinyint(4) DEFAULT NULL,
  `tel47` varchar(11) DEFAULT NULL,
  `phone47` varchar(11) DEFAULT NULL,
  `email47` varchar(40) DEFAULT NULL,
  `zip47` varchar(5) DEFAULT NULL,
  `juso47` varchar(255) DEFAULT NULL,
  `gubun47` tinyint(4) DEFAULT NULL
) ENGINE=InnoDB DEFAULT CHARSET=utf8;

--
-- 테이블의 덤프 데이터 `member`
--

INSERT INTO `member` (`no47`, `uid47`, `pwd47`, `name47`, `birthday47`, `sm47`, `tel47`, `phone47`, `email47`, `zip47`, `juso47`, `gubun47`) VALUES
(32, 'id1', '123', '123', '2222-01-04', 0, '11111111111', '11111111111', '1111@office.induk.ac.kr', '01879', '서울특별시 노원구  초안산로2나길 22 인관', 1),
(33, 'id2', '1111', '1', '1111-11-11', 0, '11111111111', '11111111111', '201812045@office.induk.ac.kr', '13948', '서울특별시 노원구 초안산로2가길 9-13 1', 0),
(34, 'id3', '1111', '1', '1111-11-11', 0, '11111111111', '11111111111', '1234@naver.com', '13948', '서울특별시 노원구 초안산로2가길 15-11 1', 0),
(35, 'id4', '1', '1', '1111-11-11', 0, '11111111111', '11111111111', '201812045@office.induk.ac.kr', '13948', '서울특별시 노원구 초안산로2가길 15-11 1', 0),
(36, 'tjdrn990423', '4023', '경성구', '1999-04-23', 0, '031841 8334', '01099118334', 'tjdrn990423@naver.com', '13948', '서울특별시 노원구 초안산로2가길 9-13 인관', 0),
(37, 'aaa', '111', '김성구', '1999-11-11', 1, '01099118334', '01011118334', '1234@naver.com', '01879', '서울특별시 노원구  초안산로2나길 24-7 111', 0),
(38, 'bbb', '123', '양승민', '1999-04-14', 0, '01012341234', '12312341234', 'qpr1234@naver.com', '01879', '서울특별시 노원구  초안산로2가길 9-10 11', 0),
(39, 'id22', '123', '2', '2222-12-12', 0, '01022222222', '11111111111', '1234123@naver.com', '06116', '서울특별시 강남구  논현로123길 13-3 논현빌라 123', 0),
(40, 'id5', '123', '1', '1111-11-11', 0, '11111111111', '11111111111', 'qpr1234@naver.com', '06116', '서울특별시 강남구  논현로123길 13-3 논현빌라 1', 0),
(41, 'id6', '123', '1', '1111-11-11', 0, '11111111111', '11111111111', '1234@naver.com', '06116', '서울특별시 강남구  논현로123길 13-3 논현빌라 12', 0),
(44, '12345', '12345', '1', '1998-01-01', 0, '01012341234', '01012341234', '1234@naver.com', '06325', '서울특별시 강남구  선릉로12길 22 두일빌라 1', 0),
(45, '11', '11', '11', '1111-11-11', 1, '11111111111', '11111111111', '11@naver.com', '06312', '서울특별시 강남구  논현로10길 19 개포119안전센터 11', 1),
(46, '1', '1', '1', '1111-11-11', 1, '1  1   1   ', '1  1   1   ', '1', '01878', '서울특별시 노원구  초안산로 12 인덕대학 1', 1),
(47, 'gpwls0652', 'tkwls4725!', ' 김혜진', '1999-01-31', 0, '031855 8152', '01044648152', ' tkwls4725@naver.com', '06336', '서울특별시 강남구  개포로 617-8 강남구 건강가정지원센터 아러알', 0);

-- --------------------------------------------------------

--
-- 테이블 구조 `opt`
--

CREATE TABLE `opt` (
  `no47` int(11) NOT NULL,
  `name47` varchar(20) DEFAULT NULL
) ENGINE=InnoDB DEFAULT CHARSET=utf8;

--
-- 테이블의 덤프 데이터 `opt`
--

INSERT INTO `opt` (`no47`, `name47`) VALUES
(6, 'SIZE'),
(7, 'Color'),
(10, '반지사이즈'),
(11, '반지색깔'),
(12, '사은품');

-- --------------------------------------------------------

--
-- 테이블 구조 `opts`
--

CREATE TABLE `opts` (
  `no47` int(11) NOT NULL,
  `opt_no47` int(11) DEFAULT NULL,
  `name47` varchar(20) DEFAULT NULL
) ENGINE=InnoDB DEFAULT CHARSET=utf8;

--
-- 테이블의 덤프 데이터 `opts`
--

INSERT INTO `opts` (`no47`, `opt_no47`, `name47`) VALUES
(1, NULL, '1'),
(2, NULL, '2'),
(3, NULL, '1'),
(4, NULL, '김성구'),
(5, NULL, '1'),
(6, NULL, ''),
(7, NULL, '2'),
(9, NULL, '김성구'),
(10, NULL, '1'),
(11, NULL, '2'),
(12, NULL, '1'),
(13, NULL, '1'),
(14, NULL, '123456'),
(15, NULL, '김성구'),
(16, NULL, '김성구'),
(19, 8, 'a'),
(21, 7, 'Black'),
(23, 8, '1'),
(24, 8, '파랑'),
(25, 7, 'White'),
(28, 6, 'L'),
(29, 6, 'M'),
(30, 6, 'S'),
(32, 6, 'XL'),
(33, 6, 'XXL'),
(35, 7, 'Blue'),
(36, 7, 'Yellow'),
(39, 11, 'Gold'),
(40, 10, '16호'),
(41, 10, '17호'),
(42, 10, '18호'),
(43, 11, 'Silver'),
(44, 12, '일반마스크(사은품)'),
(45, 12, '흰양말(사은품)'),
(46, 12, '검은양말(사은품)');

-- --------------------------------------------------------

--
-- 테이블 구조 `product`
--

CREATE TABLE `product` (
  `no47` int(11) NOT NULL,
  `menu47` int(11) DEFAULT NULL,
  `code47` varchar(20) DEFAULT NULL,
  `name47` varchar(255) DEFAULT NULL,
  `coname47` varchar(30) DEFAULT NULL,
  `price47` int(11) DEFAULT NULL,
  `opt147` int(11) DEFAULT NULL,
  `opt247` int(11) DEFAULT NULL,
  `content47` text DEFAULT NULL,
  `status47` tinyint(4) DEFAULT NULL,
  `regday47` date DEFAULT NULL,
  `icon_new47` tinyint(4) DEFAULT NULL,
  `icon_hit47` tinyint(4) DEFAULT NULL,
  `icon_sale47` tinyint(4) DEFAULT NULL,
  `discount47` tinyint(4) DEFAULT NULL,
  `image147` varchar(255) DEFAULT NULL,
  `image247` varchar(255) DEFAULT NULL,
  `image347` varchar(255) DEFAULT NULL
) ENGINE=InnoDB DEFAULT CHARSET=utf8;

--
-- 테이블의 덤프 데이터 `product`
--

INSERT INTO `product` (`no47`, `menu47`, `code47`, `name47`, `coname47`, `price47`, `opt147`, `opt247`, `content47`, `status47`, `regday47`, `icon_new47`, `icon_hit47`, `icon_sale47`, `discount47`, `image147`, `image247`, `image347`) VALUES
(25, 1, '1', '포켓 가디건자켓', '포켓', 63000, 7, 6, '포켓 가디건 자켓', 1, '2021-05-04', 1, 1, 1, 20, 'outer3-1.jpg', 'outer3-2.jpg', 'outer3-3.jpg'),
(27, 4, '992', '프릭스 스니커즈', '프릭스', 32000, 7, 6, '프릭스', 1, '2021-05-04', 1, 1, 1, 30, 'shoes2-1.jpg', 'shoes2-2.jpg', 'shoes2-3.jpg'),
(30, 1, '2', '노멀 블레이저', '어반디타입', 64000, 7, 6, '노멀', 1, '2021-05-12', 1, 0, 1, 15, 'outer4-1.jpg', 'outer4-2.jpg', 'outer4-3.jpg'),
(31, 1, '1', '매트 반광 항공점퍼', '알파인더스토리', 225000, 7, 6, ' MA-1 레귤러 Black', 1, '2021-05-12', 0, 1, 0, 0, 'outer1-1.jpg', 'outer1-2.jpg', 'outer1-3.jpg'),
(32, 1, '4', '오테르 숏 트렌치코드', '인터텍션', 124000, 7, 6, '오테르', 1, '2021-05-12', 1, 0, 0, 0, 'outer5-1.jpg', 'outer5-2.jpg', 'outer5-3.jpg'),
(33, 1, '2', '썸머 미니멀 베스트', '프리즘웍스', 29000, 7, 6, '썸머 미니멀 베스트', 1, '2021-05-12', 1, 0, 1, 30, 'outer2-1.png', 'outer2-2.jpg', 'outer2-3.jpg'),
(34, 2, '6', '오리지널리티 아노락 맨투맨', '오리지널리티', 32000, 7, 6, '오리지널', 1, '2021-05-12', 1, 1, 1, 40, 'top4-1.jpg', 'top4-2.jpg', 'top4-3.jpg'),
(35, 2, '7', '썸머 린넨 스트링 맨투맨', '썸머', 44000, 7, 6, '썸머', 1, '2021-05-12', 1, 0, 1, 15, 'top2-1.jpg', 'top2-2.jpg', 'top2-3.jpg'),
(36, 2, '8', '구김 반팔 카라셔츠', '구김', 39000, 7, 6, '구김', 1, '2021-05-12', 1, 0, 0, 0, 'top1-1.jpg', 'top1-2.jpg', 'top1-3.jpg'),
(37, 2, '9', '소프트 단가라 반팔니트', '소프트', 34000, 7, 6, '소프트', 1, '2021-05-12', 1, 1, 1, 30, 'top3-1.jpg', 'top3-2.jpg', 'top3-3.jpg'),
(38, 2, '10', '아이템 백프린팅 반팔', '아이템', 17000, 7, 6, '아이템', 1, '2021-05-12', 0, 1, 0, 0, 'top5-1.jpg', 'top5-2.jpg', 'top5-3.jpg'),
(39, 3, '11', '패치 피그먼트 조거팬츠', '패치', 39000, 7, 6, '패치', 1, '2021-05-12', 1, 1, 0, 0, 'pants5-1.jpg', 'pants5-2.jpg', 'pants5-3.jpg'),
(40, 3, '12', '스테레오 레귤러 팬츠', '스테레오', 53000, 7, 6, '스테레오', 1, '2021-05-12', 1, 1, 0, 0, 'pants3-1.jpg', 'pants3-2.jpg', 'pants3-3.jpg'),
(41, 3, '13', '코지 롱 와이드 밴딩팬츠', '코지', 26000, 7, 6, '코지', 1, '2021-05-12', 1, 1, 0, 0, 'pants2-1.jpg', 'pants2-2.jpg', 'pants2-3.jpg'),
(42, 3, '14', '사이드 배색 데님 반바지', '사이드', 39000, 7, 6, '사이드', 1, '2021-05-12', 1, 0, 1, 46, 'pants1-1.jpg', 'pants1-2.jpg', 'pants1-3.jpg'),
(43, 3, '15', '아웃포켓 생지데님', '아웃포켓', 39000, 7, 6, '아웃포캣', 1, '2021-05-12', 0, 0, 1, 24, 'pants4-1.jpg', 'pants4-2.jpg', 'pants4-3.jpg'),
(44, 4, '16', '심플라인 슬리퍼', '심플', 18000, 7, 6, '심플', 1, '2021-05-12', 1, 0, 0, 0, 'shoes1-1.jpg', 'shoes1-2.jpg', 'shoes1-3.jpg'),
(45, 5, '77', '오링 목걸이', '오링', 15000, 10, 11, '오링 목걸이', 1, '2021-06-08', 1, 0, 1, 10, 'acc1-1.jpg', 'acc1-2.jpg', 'acc1-3.jpg'),
(47, 5, '456', '레블 레터링에코백', '레블', 16000, 7, 12, '레블', 1, '2021-06-09', 0, 1, 0, 0, 'acc2-1.jpg', 'acc2-2.jpg', 'acc2-3.jpg'),
(48, 5, '7777', '스퀘어 소가죽 벨트', '스퀘어', 22000, 7, 12, '스퀘어', 1, '2021-06-09', 1, 0, 1, 10, 'acc3-1.jpg', 'acc3-2.jpg', 'acc3-3.jpg');

-- --------------------------------------------------------

--
-- 테이블 구조 `sj`
--

CREATE TABLE `sj` (
  `no47` int(11) NOT NULL,
  `name47` varchar(30) DEFAULT NULL,
  `kor47` int(11) DEFAULT NULL,
  `eng47` int(11) DEFAULT NULL,
  `mat47` int(11) DEFAULT NULL,
  `hap47` int(11) DEFAULT NULL,
  `avg47` float DEFAULT NULL
) ENGINE=InnoDB DEFAULT CHARSET=utf8;

--
-- 테이블의 덤프 데이터 `sj`
--

INSERT INTO `sj` (`no47`, `name47`, `kor47`, `eng47`, `mat47`, `hap47`, `avg47`) VALUES
(1, '홍길동', 90, 86, 92, 268, 89.3),
(2, '전미재', 80, 83, 95, 258, 86),
(3, '김양호', 86, 91, 86, 263, 87.7),
(4, '문성진', 90, 87, 69, 246, 82),
(5, '김자완', 95, 86, 93, 274, 91.3),
(6, '오당식', 95, 84, 95, 274, 91.3),
(7, '조성훈', 92, 86, 95, 273, 91),
(8, '박장우', 84, 83, 85, 252, 84),
(9, '지송범', 80, 83, 84, 247, 82.3),
(10, '최미도', 75, 80, 86, 241, 80.3),
(11, '송국영', 84, 84, 95, 263, 87.7),
(12, '염진범', 80, 84, 90, 254, 84.7),
(13, '정아아', 75, 80, 75, 230, 76.7),
(14, '이고석', 79, 82, 83, 244, 81.3),
(15, '심안혜', 83, 83, 89, 255, 85),
(16, '김상민', 85, 85, 91, 261, 87),
(17, '박명수', 93, 83, 95, 271, 90.3),
(18, '김유관', 90, 83, 93, 266, 88.7),
(19, '진수나', 90, 83, 95, 268, 89.3),
(20, '윤정경', 75, 80, 77, 232, 77.3),
(21, '안현철', 82, 82, 87, 251, 83.7),
(22, '민종조', 91, 88, 95, 274, 91.3),
(23, '원우철', 83, 81, 85, 249, 83),
(24, '박규수', 75, 80, 62, 217, 72.3),
(25, '이세철', 80, 83, 87, 250, 83.3),
(26, '곽참만', 82, 83, 89, 254, 84.7),
(27, '한양희', 79, 83, 80, 242, 80.7),
(28, '구박영', 93, 85, 95, 273, 91),
(29, '김사형', 81, 82, 74, 237, 79),
(30, '이상민', 82, 82, 91, 255, 85),
(31, '강안기', 90, 87, 95, 272, 90.7),
(32, '김장혜', 82, 81, 90, 253, 84.3),
(33, '김정철', 82, 83, 93, 258, 86),
(34, '유요림', 94, 86, 76, 256, 85.3),
(35, '박미기', 90, 84, 95, 269, 89.7),
(36, '김양두', 75, 80, 83, 238, 79.3),
(37, '박상진', 84, 83, 91, 258, 86),
(38, '현잔철', 80, 83, 76, 239, 79.7),
(39, '김진기', 75, 80, 66, 221, 73.7),
(40, '도하진', 93, 84, 95, 272, 90.7),
(41, '윤양국', 80, 82, 70, 232, 77.3),
(42, '김장섭', 80, 82, 91, 253, 84.3),
(43, '구기민', 1, 1, 1, 3, 1),
(44, '홍자원', 84, 84, 93, 261, 87),
(45, '오정혜', 92, 83, 87, 262, 87.3),
(46, '김다성', 90, 91, 93, 274, 91.3),
(47, '박정훈', 88, 90, 69, 247, 82.3),
(48, '김오정', 86, 83, 95, 264, 88),
(49, '박청진', 97, 89, 95, 281, 93.7),
(50, '양강현', 90, 85, 79, 254, 84.7);

--
-- 덤프된 테이블의 인덱스
--

--
-- 테이블의 인덱스 `jumun`
--
ALTER TABLE `jumun`
  ADD PRIMARY KEY (`no47`);

--
-- 테이블의 인덱스 `jumuns`
--
ALTER TABLE `jumuns`
  ADD PRIMARY KEY (`no47`);

--
-- 테이블의 인덱스 `juso`
--
ALTER TABLE `juso`
  ADD PRIMARY KEY (`no47`);

--
-- 테이블의 인덱스 `member`
--
ALTER TABLE `member`
  ADD PRIMARY KEY (`no47`);

--
-- 테이블의 인덱스 `opt`
--
ALTER TABLE `opt`
  ADD PRIMARY KEY (`no47`);

--
-- 테이블의 인덱스 `opts`
--
ALTER TABLE `opts`
  ADD PRIMARY KEY (`no47`);

--
-- 테이블의 인덱스 `product`
--
ALTER TABLE `product`
  ADD PRIMARY KEY (`no47`);

--
-- 테이블의 인덱스 `sj`
--
ALTER TABLE `sj`
  ADD PRIMARY KEY (`no47`);

--
-- 덤프된 테이블의 AUTO_INCREMENT
--

--
-- 테이블의 AUTO_INCREMENT `jumuns`
--
ALTER TABLE `jumuns`
  MODIFY `no47` int(11) NOT NULL AUTO_INCREMENT, AUTO_INCREMENT=65;

--
-- 테이블의 AUTO_INCREMENT `juso`
--
ALTER TABLE `juso`
  MODIFY `no47` int(11) NOT NULL AUTO_INCREMENT, AUTO_INCREMENT=60;

--
-- 테이블의 AUTO_INCREMENT `member`
--
ALTER TABLE `member`
  MODIFY `no47` int(11) NOT NULL AUTO_INCREMENT, AUTO_INCREMENT=48;

--
-- 테이블의 AUTO_INCREMENT `opt`
--
ALTER TABLE `opt`
  MODIFY `no47` int(11) NOT NULL AUTO_INCREMENT, AUTO_INCREMENT=13;

--
-- 테이블의 AUTO_INCREMENT `opts`
--
ALTER TABLE `opts`
  MODIFY `no47` int(11) NOT NULL AUTO_INCREMENT, AUTO_INCREMENT=47;

--
-- 테이블의 AUTO_INCREMENT `product`
--
ALTER TABLE `product`
  MODIFY `no47` int(11) NOT NULL AUTO_INCREMENT, AUTO_INCREMENT=49;

--
-- 테이블의 AUTO_INCREMENT `sj`
--
ALTER TABLE `sj`
  MODIFY `no47` int(11) NOT NULL AUTO_INCREMENT, AUTO_INCREMENT=53;
COMMIT;

/*!40101 SET CHARACTER_SET_CLIENT=@OLD_CHARACTER_SET_CLIENT */;
/*!40101 SET CHARACTER_SET_RESULTS=@OLD_CHARACTER_SET_RESULTS */;
/*!40101 SET COLLATION_CONNECTION=@OLD_COLLATION_CONNECTION */;
